event,key,time,duration
press,h,2024-08-01 12:04:40.292659,
release,h,2024-08-01 12:04:40.355568,0.062909
press,e,2024-08-01 12:04:40.433569,
release,e,2024-08-01 12:04:40.574926,0.141357
press,l,2024-08-01 12:04:40.876104,
release,l,2024-08-01 12:04:40.969695,0.093591
press,l,2024-08-01 12:04:41.065016,
release,l,2024-08-01 12:04:41.142163,0.077147
press,o,2024-08-01 12:04:41.221356,
press,Key.space,2024-08-01 12:04:41.314446,
release,o,2024-08-01 12:04:41.407389,0.186033
release,Key.space,2024-08-01 12:04:41.503099,0.188653
press,i,2024-08-01 12:04:41.614377,
press,m,2024-08-01 12:04:41.772605,
release,i,2024-08-01 12:04:41.852610,0.238233
press,Key.space,2024-08-01 12:04:41.931673,
release,m,2024-08-01 12:04:42.009690,0.237085
release,Key.space,2024-08-01 12:04:42.041504,0.109831
press,t,2024-08-01 12:04:42.305129,
release,t,2024-08-01 12:04:42.397568,0.092439
press,a,2024-08-01 12:04:42.444014,
release,a,2024-08-01 12:04:42.537978,0.093964
press,r,2024-08-01 12:04:42.645469,
press,a,2024-08-01 12:04:42.707877,
release,r,2024-08-01 12:04:42.755131,0.109662
release,a,2024-08-01 12:04:42.846221,0.138344
press,Key.space,2024-08-01 12:04:42.908565,
release,Key.space,2024-08-01 12:04:42.985810,0.077245
press,k,2024-08-01 12:04:43.125455,
release,k,2024-08-01 12:04:43.203744,0.078289
press,r,2024-08-01 12:04:43.281556,
release,r,2024-08-01 12:04:43.404282,0.122726
press,i,2024-08-01 12:04:43.450246,
release,i,2024-08-01 12:04:43.512890,0.062644
press,s,2024-08-01 12:04:43.590069,
press,h,2024-08-01 12:04:43.651830,
release,h,2024-08-01 12:04:43.713892,0.062062
release,s,2024-08-01 12:04:43.821473,0.231404
press,n,2024-08-01 12:04:43.931611,
release,n,2024-08-01 12:04:43.993738,0.062127
press,a,2024-08-01 12:04:44.057113,
release,a,2024-08-01 12:04:44.151297,0.094184
press,t,2024-08-01 12:04:44.227302,
release,t,2024-08-01 12:04:44.273934,0.046632
press,r,2024-08-01 12:04:44.367906,
release,r,2024-08-01 12:04:44.461944,0.094038
press,i,2024-08-01 12:04:44.524400,
release,i,2024-08-01 12:04:44.618891,0.094491
press,c,2024-08-01 12:04:44.726156,
release,c,2024-08-01 12:04:44.883234,0.157078
press,h,2024-08-01 12:04:44.961159,
release,h,2024-08-01 12:04:45.039101,0.077942
press,u,2024-08-01 12:04:45.085596,
release,u,2024-08-01 12:04:45.133655,0.048059
press,l,2024-08-01 12:04:45.412356,
release,l,2024-08-01 12:04:45.520865,0.108509
press,e,2024-08-01 12:04:45.550704,
press,Key.space,2024-08-01 12:04:45.689935,
release,e,2024-08-01 12:04:45.751771,0.201067
release,Key.space,2024-08-01 12:04:45.782323,0.092388
press,h,2024-08-01 12:04:46.123723,
release,h,2024-08-01 12:04:46.185609,0.061886
press,o,2024-08-01 12:04:46.480263,
release,o,2024-08-01 12:04:46.729404,0.249141
press,w,2024-08-01 12:04:46.792724,
release,w,2024-08-01 12:04:47.009009,0.216285
press,Key.space,2024-08-01 12:04:47.055080,
release,Key.space,2024-08-01 12:04:47.101890,0.04681
press,a,2024-08-01 12:04:47.303771,
press,r,2024-08-01 12:04:47.458468,
release,a,2024-08-01 12:04:47.489225,0.185454
release,r,2024-08-01 12:04:47.567360,0.108892
press,e,2024-08-01 12:04:47.615211,
press,Key.space,2024-08-01 12:04:47.693568,
release,e,2024-08-01 12:04:47.771486,0.156275
release,Key.space,2024-08-01 12:04:47.848989,0.155421
press,u,2024-08-01 12:04:48.003829,
press,Key.space,2024-08-01 12:04:48.128022,
release,u,2024-08-01 12:04:48.190469,0.18664
release,Key.space,2024-08-01 12:04:48.284959,0.156937
press,i,2024-08-01 12:04:49.075575,
press,m,2024-08-01 12:04:49.153826,
release,i,2024-08-01 12:04:49.262438,0.186863
release,m,2024-08-01 12:04:49.403452,0.249626
press,Key.space,2024-08-01 12:04:49.434934,
release,Key.space,2024-08-01 12:04:49.481180,0.046246
press,f,2024-08-01 12:04:49.778243,
press,i,2024-08-01 12:04:49.948745,
release,f,2024-08-01 12:04:50.025406,0.247163
press,n,2024-08-01 12:04:50.165125,
release,i,2024-08-01 12:04:50.241527,0.292782
release,n,2024-08-01 12:04:50.288806,0.123681
press,e,2024-08-01 12:04:50.350859,
press,Key.space,2024-08-01 12:04:50.381793,
release,Key.space,2024-08-01 12:04:50.475468,0.093675
release,e,2024-08-01 12:04:50.522022,0.171163
press,Key.enter,2024-08-01 12:04:51.771368,
release,Key.enter,2024-08-01 12:04:51.818505,0.047137
press,h,2024-08-01 12:04:52.658315,
press,o,2024-08-01 12:04:52.735943,
release,h,2024-08-01 12:04:52.783431,0.125116
release,o,2024-08-01 12:04:52.844348,0.108405
press,p,2024-08-01 12:04:52.953605,
release,p,2024-08-01 12:04:53.001947,0.048342
press,e,2024-08-01 12:04:53.095106,
press,Key.space,2024-08-01 12:04:53.232171,
release,e,2024-08-01 12:04:53.325117,0.230011
release,Key.space,2024-08-01 12:04:53.479737,0.247566
press,u,2024-08-01 12:04:53.727448,
press,Key.space,2024-08-01 12:04:53.851986,
release,u,2024-08-01 12:04:53.931462,0.204014
release,Key.space,2024-08-01 12:04:54.009276,0.15729
press,a,2024-08-01 12:04:54.165216,
release,a,2024-08-01 12:04:54.306595,0.141379
press,r,2024-08-01 12:04:54.401180,
release,r,2024-08-01 12:04:54.494006,0.092826
press,e,2024-08-01 12:04:54.556512,
press,Key.space,2024-08-01 12:04:54.604500,
release,e,2024-08-01 12:04:54.665994,0.109482
release,Key.space,2024-08-01 12:04:54.757986,0.153486
press,d,2024-08-01 12:04:54.836704,
release,d,2024-08-01 12:04:55.007939,0.171235
press,o,2024-08-01 12:04:55.085081,
release,o,2024-08-01 12:04:55.178646,0.093565
press,i,2024-08-01 12:04:55.256217,
press,n,2024-08-01 12:04:55.441083,
release,i,2024-08-01 12:04:55.550684,0.294467
press,g,2024-08-01 12:04:55.643606,
release,n,2024-08-01 12:04:55.689853,0.24877
press,Key.space,2024-08-01 12:04:55.736913,
release,g,2024-08-01 12:04:55.815221,0.171615
release,Key.space,2024-08-01 12:04:55.876900,0.139987
press,g,2024-08-01 12:04:56.357554,
release,g,2024-08-01 12:04:56.419250,0.061696
press,r,2024-08-01 12:04:56.449573,
release,r,2024-08-01 12:04:56.558900,0.109327
press,e,2024-08-01 12:04:56.637766,
release,e,2024-08-01 12:04:56.732631,0.094865
press,a,2024-08-01 12:04:56.949798,
press,t,2024-08-01 12:04:56.996452,
release,a,2024-08-01 12:04:57.106213,0.156415
release,t,2024-08-01 12:04:57.169019,0.172567
press,.,2024-08-01 12:04:58.256197,
release,.,2024-08-01 12:04:58.335045,0.078848
press,s,2024-08-01 12:07:43.991406,
press,o,2024-08-01 12:07:44.118578,
release,s,2024-08-01 12:07:44.198569,0.207163
press,Key.space,2024-08-01 12:07:44.341059,
release,o,2024-08-01 12:07:44.420279,0.301701
release,Key.space,2024-08-01 12:07:44.468371,0.127312
press,t,2024-08-01 12:07:44.596280,
release,t,2024-08-01 12:07:44.724397,0.128117
press,o,2024-08-01 12:07:44.788398,
release,o,2024-08-01 12:07:44.884394,0.095996
press,d,2024-08-01 12:07:44.995998,
release,d,2024-08-01 12:07:45.122999,0.127001
press,a,2024-08-01 12:07:45.298175,
press,y,2024-08-01 12:07:45.442175,
release,a,2024-08-01 12:07:45.554261,0.256086
press,Key.space,2024-08-01 12:07:45.601742,
release,y,2024-08-01 12:07:45.681774,0.239599
release,Key.space,2024-08-01 12:07:45.761781,0.160039
press,i,2024-08-01 12:07:45.905777,
press,m,2024-08-01 12:07:46.030989,
release,i,2024-08-01 12:07:46.108631,0.202854
press,Key.space,2024-08-01 12:07:46.217691,
release,m,2024-08-01 12:07:46.329608,0.298619
release,Key.space,2024-08-01 12:07:46.377460,0.159769
press,t,2024-08-01 12:07:46.472692,
release,t,2024-08-01 12:07:46.568735,0.096043
press,e,2024-08-01 12:07:46.664729,
release,e,2024-08-01 12:07:46.744729,0.08
press,s,2024-08-01 12:07:46.839728,
press,t,2024-08-01 12:07:46.951610,
release,t,2024-08-01 12:07:47.014729,0.063119
release,s,2024-08-01 12:07:47.108728,0.269
press,i,2024-08-01 12:07:47.204726,
press,n,2024-08-01 12:07:47.522996,
press,g,2024-08-01 12:07:47.586419,
release,i,2024-08-01 12:07:47.634416,0.42969
release,g,2024-08-01 12:07:47.712411,0.125992
press,Key.space,2024-08-01 12:07:47.759423,
release,n,2024-08-01 12:07:47.806602,0.283606
release,Key.space,2024-08-01 12:07:47.869505,0.110082
press,o,2024-08-01 12:07:48.522337,
release,o,2024-08-01 12:07:48.602368,0.080031
press,u,2024-08-01 12:07:48.823651,
press,t,2024-08-01 12:07:48.919671,
press,Key.space,2024-08-01 12:07:48.983652,
release,t,2024-08-01 12:07:49.094980,0.175309
release,u,2024-08-01 12:07:49.190863,0.367212
release,Key.space,2024-08-01 12:07:49.270321,0.286669
press,t,2024-08-01 12:07:49.334352,
release,t,2024-08-01 12:07:49.382342,0.04799
press,h,2024-08-01 12:07:49.445531,
release,h,2024-08-01 12:07:49.541532,0.096001
press,i,2024-08-01 12:07:49.827610,
press,s,2024-08-01 12:07:49.890779,
press,Key.space,2024-08-01 12:07:50.002805,
release,i,2024-08-01 12:07:50.081257,0.253647
release,s,2024-08-01 12:07:50.129382,0.238603
release,Key.space,2024-08-01 12:07:50.225138,0.222333
press,n,2024-08-01 12:07:50.336414,
release,n,2024-08-01 12:07:50.416395,0.079981
press,e,2024-08-01 12:07:50.464400,
release,e,2024-08-01 12:07:50.528391,0.063991
press,w,2024-08-01 12:07:50.592390,
press,Key.space,2024-08-01 12:07:50.734676,
release,w,2024-08-01 12:07:50.798588,0.206198
release,Key.space,2024-08-01 12:07:50.878707,0.144031
press,c,2024-08-01 12:07:51.753803,
press,o,2024-08-01 12:07:51.881422,
release,c,2024-08-01 12:07:51.977426,0.223623
release,o,2024-08-01 12:07:52.088533,0.207111
press,d,2024-08-01 12:07:52.136533,
release,d,2024-08-01 12:07:52.248031,0.111498
press,e,2024-08-01 12:07:52.343603,
press,Key.space,2024-08-01 12:07:52.390821,
release,e,2024-08-01 12:07:52.502568,0.158965
release,Key.space,2024-08-01 12:07:52.534060,0.143239
press,t,2024-08-01 12:07:52.629062,
press,o,2024-08-01 12:07:52.708504,
release,t,2024-08-01 12:07:52.804507,0.175445
press,Key.space,2024-08-01 12:07:52.836357,
release,o,2024-08-01 12:07:52.900268,0.191764
release,Key.space,2024-08-01 12:07:52.947396,0.111039
press,t,2024-08-01 12:07:53.137112,
release,t,2024-08-01 12:07:53.185231,0.048119
press,r,2024-08-01 12:07:53.280773,
release,r,2024-08-01 12:07:53.360779,0.080006
press,a,2024-08-01 12:07:53.392777,
release,a,2024-08-01 12:07:53.520774,0.127997
press,c,2024-08-01 12:07:53.759196,
release,c,2024-08-01 12:07:53.947339,0.188143
press,k,2024-08-01 12:07:54.312595,
press,Key.space,2024-08-01 12:07:54.439276,
release,k,2024-08-01 12:07:54.534875,0.22228
release,Key.space,2024-08-01 12:07:54.566896,0.12762
press,t,2024-08-01 12:07:54.870411,
press,h,2024-08-01 12:07:54.965786,
release,t,2024-08-01 12:07:55.028376,0.157965
release,h,2024-08-01 12:07:55.076370,0.110584
press,e,2024-08-01 12:07:55.172401,
press,Key.space,2024-08-01 12:07:55.251827,
release,e,2024-08-01 12:07:55.315833,0.143432
release,Key.space,2024-08-01 12:07:55.379834,0.128007
press,k,2024-08-01 12:07:55.683870,
press,e,2024-08-01 12:07:55.763209,
release,k,2024-08-01 12:07:55.825899,0.142029
release,e,2024-08-01 12:07:55.937894,0.174685
press,y,2024-08-01 12:07:55.985772,
release,y,2024-08-01 12:07:56.033307,0.047535
press,s,2024-08-01 12:07:56.223686,
release,s,2024-08-01 12:07:56.399443,0.175757
press,t,2024-08-01 12:07:56.494449,
release,t,2024-08-01 12:07:56.557778,0.063329
press,r,2024-08-01 12:07:56.637768,
release,r,2024-08-01 12:07:56.780812,0.143044
press,o,2024-08-01 12:07:57.131440,
release,o,2024-08-01 12:07:57.241926,0.110486
press,k,2024-08-01 12:07:58.036975,
release,k,2024-08-01 12:07:58.115969,0.078994
press,e,2024-08-01 12:07:58.211968,
release,e,2024-08-01 12:07:58.275514,0.063546
press,s,2024-08-01 12:07:58.370836,
press,Key.space,2024-08-01 12:07:58.481929,
release,s,2024-08-01 12:07:58.593929,0.223093
release,Key.space,2024-08-01 12:07:58.673932,0.192003
press,o,2024-08-01 12:07:58.753226,
release,o,2024-08-01 12:07:58.880541,0.127315
press,f,2024-08-01 12:07:58.976533,
release,f,2024-08-01 12:07:59.040531,0.063998
press,Key.space,2024-08-01 12:07:59.120531,
release,Key.space,2024-08-01 12:07:59.184529,0.063998
press,a,2024-08-01 12:07:59.231698,
press,Key.space,2024-08-01 12:07:59.311371,
release,a,2024-08-01 12:07:59.423372,0.191674
release,Key.space,2024-08-01 12:07:59.503363,0.191992
press,p,2024-08-01 12:07:59.854468,
press,e,2024-08-01 12:07:59.934477,
release,p,2024-08-01 12:08:00.014469,0.160001
release,e,2024-08-01 12:08:00.109962,0.175485
press,r,2024-08-01 12:08:00.222034,
release,r,2024-08-01 12:08:00.317416,0.095382
press,s,2024-08-01 12:08:00.412299,
press,o,2024-08-01 12:08:00.523614,
release,s,2024-08-01 12:08:00.603573,0.191274
press,n,2024-08-01 12:08:00.682582,
release,o,2024-08-01 12:08:00.778578,0.254964
release,n,2024-08-01 12:08:00.874571,0.191989
press,Key.space,2024-08-01 12:08:01.782916,
release,Key.space,2024-08-01 12:08:01.910880,0.127964
press,a,2024-08-01 12:08:01.958915,
release,a,2024-08-01 12:08:02.022918,0.064003
press,n,2024-08-01 12:08:02.102908,
release,n,2024-08-01 12:08:02.149925,0.047017
press,d,2024-08-01 12:08:02.229246,
press,Key.space,2024-08-01 12:08:02.308553,
release,d,2024-08-01 12:08:02.371556,0.14231
release,Key.space,2024-08-01 12:08:02.434812,0.126259
press,d,2024-08-01 12:08:02.561356,
press,e,2024-08-01 12:08:02.703096,
release,d,2024-08-01 12:08:02.814100,0.252744
release,e,2024-08-01 12:08:02.878165,0.175069
press,t,2024-08-01 12:08:02.957160,
release,t,2024-08-01 12:08:03.005160,0.048
press,e,2024-08-01 12:08:03.053120,
release,e,2024-08-01 12:08:03.308239,0.255119
press,c,2024-08-01 12:08:03.386197,
press,t,2024-08-01 12:08:03.530232,
release,c,2024-08-01 12:08:03.578201,0.192004
press,Key.space,2024-08-01 12:08:03.752663,
release,t,2024-08-01 12:08:03.830860,0.300628
release,Key.space,2024-08-01 12:08:03.909126,0.156463
press,t,2024-08-01 12:08:04.782186,
release,t,2024-08-01 12:08:04.910221,0.128035
press,h,2024-08-01 12:08:05.021057,
release,h,2024-08-01 12:08:05.116095,0.095038
press,e,2024-08-01 12:08:05.209131,
press,Key.space,2024-08-01 12:08:05.241032,
release,e,2024-08-01 12:08:05.337230,0.128099
release,Key.space,2024-08-01 12:08:05.416237,0.175205
press,t,2024-08-01 12:08:05.973112,
press,y,2024-08-01 12:08:06.068685,
release,t,2024-08-01 12:08:06.164680,0.191568
release,y,2024-08-01 12:08:06.196682,0.127997
press,p,2024-08-01 12:08:06.499594,
release,p,2024-08-01 12:08:06.610563,0.110969
press,i,2024-08-01 12:08:06.802633,
press,n,2024-08-01 12:08:06.914628,
release,i,2024-08-01 12:08:07.042632,0.239999
release,n,2024-08-01 12:08:07.106631,0.192003
press,g,2024-08-01 12:08:07.154653,
release,g,2024-08-01 12:08:07.282653,0.128
press,Key.space,2024-08-01 12:08:07.330644,
release,Key.space,2024-08-01 12:08:07.393871,0.063227
press,p,2024-08-01 12:08:08.239725,
release,p,2024-08-01 12:08:08.318731,0.079006
press,a,2024-08-01 12:08:08.398727,
release,a,2024-08-01 12:08:08.510726,0.111999
press,t,2024-08-01 12:08:08.605694,
release,t,2024-08-01 12:08:08.717725,0.112031
press,t,2024-08-01 12:08:08.812573,
press,e,2024-08-01 12:08:08.844573,
release,t,2024-08-01 12:08:08.940572,0.127999
release,e,2024-08-01 12:08:09.068577,0.224004
press,r,2024-08-01 12:08:09.148544,
release,r,2024-08-01 12:08:09.275007,0.126463
press,n,2024-08-01 12:08:09.339125,
release,n,2024-08-01 12:08:09.419130,0.080005
press,Key.space,2024-08-01 12:08:09.626392,
release,Key.space,2024-08-01 12:08:09.736790,0.110398
press,o,2024-08-01 12:08:10.528531,
release,o,2024-08-01 12:08:10.591839,0.063308
press,f,2024-08-01 12:08:10.749547,
press,Key.space,2024-08-01 12:08:10.860059,
release,f,2024-08-01 12:08:10.923678,0.174131
release,Key.space,2024-08-01 12:08:10.987771,0.127712
press,t,2024-08-01 12:08:11.051286,
press,h,2024-08-01 12:08:11.159968,
release,t,2024-08-01 12:08:11.285302,0.234016
release,h,2024-08-01 12:08:11.365730,0.205762
press,e,2024-08-01 12:08:11.459114,
press,Key.space,2024-08-01 12:08:11.537260,
release,e,2024-08-01 12:08:11.664280,0.205166
release,Key.space,2024-08-01 12:08:11.757306,0.220046
press,o,2024-08-01 12:08:11.867586,
release,o,2024-08-01 12:08:11.914349,0.046763
press,w,2024-08-01 12:08:12.006927,
release,w,2024-08-01 12:08:12.086116,0.079189
press,n,2024-08-01 12:08:12.165970,
release,n,2024-08-01 12:08:12.245240,0.07927
press,e,2024-08-01 12:08:12.292143,
release,e,2024-08-01 12:08:12.340135,0.047992
press,r,2024-08-01 12:08:12.404150,
release,r,2024-08-01 12:08:12.531149,0.126999
press,Key.space,2024-08-01 12:08:12.595074,
release,Key.space,2024-08-01 12:08:12.658377,0.063303
press,o,2024-08-01 12:08:12.878180,
press,f,2024-08-01 12:08:13.005169,
release,o,2024-08-01 12:08:13.085207,0.207027
press,o,2024-08-01 12:08:13.148205,
release,o,2024-08-01 12:08:13.243168,0.094963
press,Key.space,2024-08-01 12:08:13.275162,
release,f,2024-08-01 12:08:13.339257,0.334088
release,Key.space,2024-08-01 12:08:13.402589,0.127427
press,t,2024-08-01 12:08:13.482551,
press,h,2024-08-01 12:08:13.577055,
release,t,2024-08-01 12:08:13.641070,0.158519
release,h,2024-08-01 12:08:13.737075,0.16002
press,e,2024-08-01 12:08:13.816779,
press,Key.space,2024-08-01 12:08:13.880795,
release,e,2024-08-01 12:08:13.976798,0.160019
release,Key.space,2024-08-01 12:08:14.055791,0.174996
press,d,2024-08-01 12:08:14.135786,
press,e,2024-08-01 12:08:14.246928,
release,d,2024-08-01 12:08:14.342960,0.207174
release,e,2024-08-01 12:08:14.390960,0.144032
press,v,2024-08-01 12:08:14.774599,
release,v,2024-08-01 12:08:14.885792,0.111193
press,i,2024-08-01 12:08:14.981433,
release,i,2024-08-01 12:08:15.060064,0.078631
press,c,2024-08-01 12:08:15.107695,
press,e,2024-08-01 12:08:15.331730,
release,c,2024-08-01 12:08:15.459612,0.351917
release,e,2024-08-01 12:08:15.618888,0.287158
press,.,2024-08-01 12:08:16.289304,
release,.,2024-08-01 12:08:16.399420,0.110116
press,Key.space,2024-08-01 12:08:16.590803,
release,Key.space,2024-08-01 12:08:16.670229,0.079426
press,Key.caps_lock,2024-08-01 12:08:16.748220,
release,Key.caps_lock,2024-08-01 12:08:16.891868,0.143648
press,t,2024-08-01 12:08:17.002055,
release,t,2024-08-01 12:08:17.033058,0.031003
press,Key.caps_lock,2024-08-01 12:08:17.065065,
release,Key.caps_lock,2024-08-01 12:08:17.240626,0.175561
press,h,2024-08-01 12:08:17.336626,
press,j,2024-08-01 12:08:17.432540,
release,h,2024-08-01 12:08:17.480191,0.143565
release,j,2024-08-01 12:08:17.528189,0.095649
press,i,2024-08-01 12:08:17.576283,
press,s,2024-08-01 12:08:17.688303,
release,s,2024-08-01 12:08:17.814944,0.126641
press,Key.space,2024-08-01 12:08:17.862825,
release,i,2024-08-01 12:08:17.893859,0.317576
release,Key.space,2024-08-01 12:08:17.955914,0.093089
press,h,2024-08-01 12:08:18.716915,
press,e,2024-08-01 12:08:18.780913,
release,h,2024-08-01 12:08:18.827393,0.110478
release,e,2024-08-01 12:08:18.952970,0.172057
press,l,2024-08-01 12:08:19.128964,
press,p,2024-08-01 12:08:19.288953,
release,l,2024-08-01 12:08:19.368916,0.239952
press,s,2024-08-01 12:08:19.448189,
release,p,2024-08-01 12:08:19.559561,0.270608
press,Key.space,2024-08-01 12:08:19.638409,
release,s,2024-08-01 12:08:19.718047,0.269858
release,Key.space,2024-08-01 12:08:19.750044,0.111635
press,i,2024-08-01 12:08:20.037204,
press,n,2024-08-01 12:08:20.226198,
release,i,2024-08-01 12:08:20.304952,0.267748
press,Key.space,2024-08-01 12:08:20.320953,
release,n,2024-08-01 12:08:20.400253,0.174055
release,Key.space,2024-08-01 12:08:20.494621,0.173668
press,d,2024-08-01 12:08:21.004638,
press,e,2024-08-01 12:08:21.164684,
release,d,2024-08-01 12:08:21.241679,0.237041
release,e,2024-08-01 12:08:21.305632,0.140948
press,t,2024-08-01 12:08:21.352625,
release,t,2024-08-01 12:08:21.415990,0.063365
press,e,2024-08-01 12:08:21.510457,
release,e,2024-08-01 12:08:21.621432,0.110975
press,t,2024-08-01 12:08:21.685315,
release,t,2024-08-01 12:08:21.733315,0.048
press,c,2024-08-01 12:08:21.797431,
release,c,2024-08-01 12:08:21.892435,0.095004
press,i,2024-08-01 12:08:22.383396,
release,i,2024-08-01 12:08:22.463428,0.080032
press,o,2024-08-01 12:08:22.574040,
release,o,2024-08-01 12:08:22.654002,0.079962
press,n,2024-08-01 12:08:22.827817,
press,Key.space,2024-08-01 12:08:22.986112,
release,n,2024-08-01 12:08:23.049139,0.221322
release,Key.space,2024-08-01 12:08:23.113144,0.127032
press,o,2024-08-01 12:08:23.430024,
press,f,2024-08-01 12:08:23.493023,
release,f,2024-08-01 12:08:23.573150,0.080127
press,Key.space,2024-08-01 12:08:23.652490,
release,o,2024-08-01 12:08:23.748331,0.318307
release,Key.space,2024-08-01 12:08:23.780334,0.127844
press,a,2024-08-01 12:08:23.844337,
press,Key.space,2024-08-01 12:08:23.971435,
release,a,2024-08-01 12:08:24.050797,0.20646
release,Key.space,2024-08-01 12:08:24.145915,0.17448
press,Key.backspace,2024-08-01 12:08:24.540558,
release,Key.backspace,2024-08-01 12:08:24.636682,0.096124
press,n,2024-08-01 12:08:24.876318,
press,Key.space,2024-08-01 12:08:24.984794,
release,n,2024-08-01 12:08:25.096338,0.22002
release,Key.space,2024-08-01 12:08:25.191240,0.206446
press,i,2024-08-01 12:08:25.270631,
press,n,2024-08-01 12:08:25.430636,
release,i,2024-08-01 12:08:25.524635,0.254004
release,n,2024-08-01 12:08:25.572642,0.142006
press,t,2024-08-01 12:08:26.114491,
release,t,2024-08-01 12:08:26.162581,0.04809
press,r,2024-08-01 12:08:26.274636,
release,r,2024-08-01 12:08:26.400544,0.125908
press,u,2024-08-01 12:08:26.496549,
release,u,2024-08-01 12:08:26.560545,0.063996
press,d,2024-08-01 12:08:26.623897,
press,e,2024-08-01 12:08:26.751058,
release,d,2024-08-01 12:08:26.846307,0.22241
release,e,2024-08-01 12:08:26.941532,0.190474
press,r,2024-08-01 12:08:26.988885,
release,r,2024-08-01 12:08:27.116944,0.128059
press,Key.space,2024-08-01 12:08:27.196154,
release,Key.space,2024-08-01 12:08:27.292246,0.096092
press,i,2024-08-01 12:08:27.499636,
release,i,2024-08-01 12:08:27.595631,0.095995
press,f,2024-08-01 12:08:27.882770,
press,Key.space,2024-08-01 12:08:28.025268,
release,f,2024-08-01 12:08:28.073279,0.190509
release,Key.space,2024-08-01 12:08:28.153274,0.128006
press,t,2024-08-01 12:08:28.345265,
release,t,2024-08-01 12:08:28.536172,0.190907
press,Key.backspace,2024-08-01 12:08:29.364173,
release,Key.backspace,2024-08-01 12:08:29.460298,0.096125
press,a,2024-08-01 12:08:29.572300,
release,a,2024-08-01 12:08:29.748294,0.175994
press,n,2024-08-01 12:08:29.843812,
press,Key.space,2024-08-01 12:08:29.987000,
release,n,2024-08-01 12:08:30.066902,0.22309
release,Key.space,2024-08-01 12:08:30.163019,0.176019
press,a,2024-08-01 12:08:30.227021,
release,a,2024-08-01 12:08:30.386462,0.159441
press,n,2024-08-01 12:08:30.466426,
release,n,2024-08-01 12:08:30.514427,0.048001
press,o,2024-08-01 12:08:30.946466,
release,o,2024-08-01 12:08:31.057459,0.110993
press,m,2024-08-01 12:08:31.455794,
release,m,2024-08-01 12:08:31.535794,0.08
press,o,2024-08-01 12:08:31.726807,
release,o,2024-08-01 12:08:31.757795,0.030988
press,u,2024-08-01 12:08:31.933348,
release,u,2024-08-01 12:08:31.981359,0.048011
press,s,2024-08-01 12:08:32.267677,
release,s,2024-08-01 12:08:32.459647,0.19197
press,Key.space,2024-08-01 12:08:32.539429,
release,Key.space,2024-08-01 12:08:32.618607,0.079178
press,p,2024-08-01 12:08:33.050610,
release,p,2024-08-01 12:08:33.130638,0.080028
press,e,2024-08-01 12:08:33.210644,
release,e,2024-08-01 12:08:33.242636,0.031992
press,r,2024-08-01 12:08:33.322640,
release,r,2024-08-01 12:08:33.402640,0.08
press,s,2024-08-01 12:08:33.546637,
press,o,2024-08-01 12:08:33.674641,
release,s,2024-08-01 12:08:33.738640,0.192003
release,o,2024-08-01 12:08:33.801155,0.126514
press,n,2024-08-01 12:08:33.896809,
press,Key.space,2024-08-01 12:08:34.072211,
release,n,2024-08-01 12:08:34.120188,0.223379
release,Key.space,2024-08-01 12:08:34.200185,0.127974
press,u,2024-08-01 12:08:34.726296,
release,u,2024-08-01 12:08:34.790278,0.063982
press,s,2024-08-01 12:08:34.806286,
release,s,2024-08-01 12:08:34.933034,0.126748
press,e,2024-08-01 12:08:35.043292,
release,e,2024-08-01 12:08:35.107292,0.064
press,s,2024-08-01 12:08:35.312451,
release,s,2024-08-01 12:08:35.470118,0.157667
press,Key.space,2024-08-01 12:08:35.501299,
release,Key.space,2024-08-01 12:08:35.628982,0.127683
press,t,2024-08-01 12:08:35.836971,
release,t,2024-08-01 12:08:35.948975,0.112004
press,h,2024-08-01 12:08:36.012970,
release,h,2024-08-01 12:08:36.106113,0.093143
press,e,2024-08-01 12:08:36.170119,
release,e,2024-08-01 12:08:36.313111,0.142992
press,Key.space,2024-08-01 12:08:36.360611,
release,Key.space,2024-08-01 12:08:36.392490,0.031879
press,h,2024-08-01 12:08:38.498811,
release,h,2024-08-01 12:08:38.610810,0.111999
press,i,2024-08-01 12:08:38.817777,
press,s,2024-08-01 12:08:38.865782,
press,Key.space,2024-08-01 12:08:38.961327,
release,i,2024-08-01 12:08:39.025296,0.207519
release,s,2024-08-01 12:08:39.072756,0.206974
release,Key.space,2024-08-01 12:08:39.120752,0.159425
press,s,2024-08-01 12:08:39.774347,
release,s,2024-08-01 12:08:39.918363,0.144016
press,y,2024-08-01 12:08:40.094350,
release,y,2024-08-01 12:08:40.189631,0.095281
press,s,2024-08-01 12:08:40.269630,
release,s,2024-08-01 12:08:40.381628,0.111998
press,t,2024-08-01 12:08:40.461600,
release,t,2024-08-01 12:08:40.621509,0.159909
press,e,2024-08-01 12:08:40.701637,
release,e,2024-08-01 12:08:40.764865,0.063228
press,m,2024-08-01 12:08:40.812865,
release,m,2024-08-01 12:08:40.908865,0.096
press,",",2024-08-01 12:08:41.276442,
release,",",2024-08-01 12:08:41.434710,0.158268
press,Key.space,2024-08-01 12:08:41.514719,
release,Key.space,2024-08-01 12:08:41.594042,0.079323
press,t,2024-08-01 12:08:42.872826,
release,t,2024-08-01 12:08:42.920823,0.047997
press,h,2024-08-01 12:08:43.080829,
release,h,2024-08-01 12:08:43.175188,0.094359
press,i,2024-08-01 12:08:43.477491,
press,s,2024-08-01 12:08:43.605491,
press,Key.space,2024-08-01 12:08:43.684796,
release,i,2024-08-01 12:08:43.796798,0.319307
release,s,2024-08-01 12:08:43.908842,0.303351
release,Key.space,2024-08-01 12:08:43.956837,0.272041
press,w,2024-08-01 12:08:44.004838,
press,i,2024-08-01 12:08:44.084829,
release,w,2024-08-01 12:08:44.164832,0.159994
release,i,2024-08-01 12:08:44.260796,0.175967
press,l,2024-08-01 12:08:44.324809,
release,l,2024-08-01 12:08:44.436796,0.111987
press,l,2024-08-01 12:08:44.516829,
release,l,2024-08-01 12:08:44.564832,0.048003
press,Key.space,2024-08-01 12:08:44.613071,
release,Key.space,2024-08-01 12:08:44.722505,0.109434
press,i,2024-08-01 12:08:45.259671,
release,i,2024-08-01 12:08:45.371295,0.111624
press,n,2024-08-01 12:08:45.434295,
release,n,2024-08-01 12:08:45.529294,0.094999
press,c,2024-08-01 12:08:45.895287,
release,c,2024-08-01 12:08:45.991295,0.096008
press,r,2024-08-01 12:08:46.101292,
release,r,2024-08-01 12:08:46.179897,0.078605
press,e,2024-08-01 12:08:46.306820,
release,e,2024-08-01 12:08:46.354951,0.048131
press,a,2024-08-01 12:08:46.449938,
release,a,2024-08-01 12:08:46.545937,0.095999
press,s,2024-08-01 12:08:46.656074,
release,s,2024-08-01 12:08:46.720074,0.064
press,e,2024-08-01 12:08:46.847449,
press,Key.space,2024-08-01 12:08:46.958791,
release,e,2024-08-01 12:08:47.005879,0.15843
release,Key.space,2024-08-01 12:08:47.133909,0.175118
press,t,2024-08-01 12:08:47.180164,
release,t,2024-08-01 12:08:47.260160,0.079996
press,h,2024-08-01 12:08:47.339337,
press,e,2024-08-01 12:08:47.435335,
press,Key.space,2024-08-01 12:08:47.514318,
release,e,2024-08-01 12:08:47.594067,0.158732
release,h,2024-08-01 12:08:47.658095,0.318758
release,Key.space,2024-08-01 12:08:47.737096,0.222778
press,s,2024-08-01 12:08:47.800436,
release,s,2024-08-01 12:08:47.895654,0.095218
press,e,2024-08-01 12:08:48.007680,
release,e,2024-08-01 12:08:48.087653,0.079973
press,c,2024-08-01 12:08:48.151693,
release,c,2024-08-01 12:08:48.263689,0.111996
press,u,2024-08-01 12:08:48.343730,
release,u,2024-08-01 12:08:48.407768,0.064038
press,r,2024-08-01 12:08:48.870765,
release,r,2024-08-01 12:08:48.998832,0.128067
press,i,2024-08-01 12:08:49.110319,
release,i,2024-08-01 12:08:49.221911,0.111592
press,t,2024-08-01 12:08:49.301451,
release,t,2024-08-01 12:08:49.349484,0.048033
press,y,2024-08-01 12:08:49.397581,
release,y,2024-08-01 12:08:49.509567,0.111986
press,Key.space,2024-08-01 12:08:49.620974,
release,Key.space,2024-08-01 12:08:49.732868,0.111894
press,o,2024-08-01 12:08:50.227871,
press,f,2024-08-01 12:08:50.307140,
release,o,2024-08-01 12:08:50.387143,0.159272
release,f,2024-08-01 12:08:50.451142,0.144002
press,Key.space,2024-08-01 12:08:50.514911,
release,Key.space,2024-08-01 12:08:50.594095,0.079184
press,t,2024-08-01 12:08:50.657420,
release,t,2024-08-01 12:08:50.769419,0.111999
press,h,2024-08-01 12:08:50.832953,
release,h,2024-08-01 12:08:50.880828,0.047875
press,e,2024-08-01 12:08:50.976923,
press,Key.space,2024-08-01 12:08:51.120115,
release,e,2024-08-01 12:08:51.152122,0.175199
release,Key.space,2024-08-01 12:08:51.216128,0.096013
press,l,2024-08-01 12:08:51.551417,
release,l,2024-08-01 12:08:51.661640,0.110223
press,a,2024-08-01 12:08:51.773613,
release,a,2024-08-01 12:08:51.901591,0.127978
press,p,2024-08-01 12:08:51.949094,
release,p,2024-08-01 12:08:52.060613,0.111519
press,t,2024-08-01 12:08:52.188617,
press,o,2024-08-01 12:08:52.268584,
release,t,2024-08-01 12:08:52.332619,0.144002
release,o,2024-08-01 12:08:52.412120,0.143536
press,p,2024-08-01 12:08:52.491594,
release,p,2024-08-01 12:08:52.554825,0.063231
press,Key.space,2024-08-01 12:08:52.682531,
release,Key.space,2024-08-01 12:08:52.810496,0.127965
press,a,2024-08-01 12:08:54.086994,
press,n,2024-08-01 12:08:54.230994,
release,a,2024-08-01 12:08:54.294610,0.207616
release,n,2024-08-01 12:08:54.390002,0.159008
press,d,2024-08-01 12:08:54.501321,
press,Key.space,2024-08-01 12:08:54.565236,
release,d,2024-08-01 12:08:54.676962,0.175641
release,Key.space,2024-08-01 12:08:54.772973,0.207737
press,w,2024-08-01 12:08:55.092570,
press,i,2024-08-01 12:08:55.219203,
release,w,2024-08-01 12:08:55.267202,0.174632
release,i,2024-08-01 12:08:55.346794,0.127591
press,l,2024-08-01 12:08:55.442741,
release,l,2024-08-01 12:08:55.538742,0.096001
press,l,2024-08-01 12:08:55.586746,
release,l,2024-08-01 12:08:55.666740,0.079994
press,Key.space,2024-08-01 12:08:55.698740,
press,a,2024-08-01 12:08:55.777797,
release,a,2024-08-01 12:08:55.873829,0.096032
release,Key.space,2024-08-01 12:08:55.937831,0.239091
press,d,2024-08-01 12:08:56.016827,
release,d,2024-08-01 12:08:56.144206,0.127379
press,d,2024-08-01 12:08:56.286520,
release,d,2024-08-01 12:08:56.398571,0.112051
press,Key.space,2024-08-01 12:08:56.494567,
release,Key.space,2024-08-01 12:08:56.605567,0.111
press,a,2024-08-01 12:08:56.685031,
release,a,2024-08-01 12:08:56.795993,0.110962
press,n,2024-08-01 12:08:56.907997,
release,n,2024-08-01 12:08:56.939990,0.031993
press,Key.space,2024-08-01 12:08:57.003963,
release,Key.space,2024-08-01 12:08:57.083525,0.079562
press,a,2024-08-01 12:08:57.210525,
release,a,2024-08-01 12:08:57.306522,0.095997
press,d,2024-08-01 12:08:57.481791,
release,d,2024-08-01 12:08:57.544968,0.063177
press,d,2024-08-01 12:08:57.592969,
release,d,2024-08-01 12:08:57.704242,0.111273
press,i,2024-08-01 12:08:57.784284,
release,i,2024-08-01 12:08:57.848241,0.063957
press,t,2024-08-01 12:08:57.928273,
press,i,2024-08-01 12:08:58.024256,
release,t,2024-08-01 12:08:58.103777,0.175504
release,i,2024-08-01 12:08:58.199782,0.175526
press,o,2024-08-01 12:08:58.247808,
release,o,2024-08-01 12:08:58.342813,0.095005
press,n,2024-08-01 12:08:58.502259,
press,Key.space,2024-08-01 12:08:58.613901,
release,n,2024-08-01 12:08:58.708959,0.2067
release,Key.space,2024-08-01 12:08:58.804322,0.190421
press,l,2024-08-01 12:08:59.984656,
release,l,2024-08-01 12:09:00.095937,0.111281
press,a,2024-08-01 12:09:00.191944,
release,a,2024-08-01 12:09:00.270948,0.079004
press,y,2024-08-01 12:09:00.413515,
release,y,2024-08-01 12:09:00.509520,0.096005
press,e,2024-08-01 12:09:01.079013,
release,e,2024-08-01 12:09:01.205747,0.126734
press,r,2024-08-01 12:09:01.332791,
release,r,2024-08-01 12:09:01.444157,0.111366
press,Key.space,2024-08-01 12:09:01.524029,
release,Key.space,2024-08-01 12:09:01.651029,0.127
press,o,2024-08-01 12:09:01.922130,
press,f,2024-08-01 12:09:02.033150,
press,Key.space,2024-08-01 12:09:02.129153,
release,f,2024-08-01 12:09:02.225158,0.192008
release,o,2024-08-01 12:09:02.241164,0.319034
release,Key.space,2024-08-01 12:09:02.304121,0.174968
press,s,2024-08-01 12:09:03.261728,
release,s,2024-08-01 12:09:03.356723,0.094995
press,e,2024-08-01 12:09:03.468695,
release,e,2024-08-01 12:09:03.596730,0.128035
press,c,2024-08-01 12:09:03.756722,
release,c,2024-08-01 12:09:03.867727,0.111005
press,u,2024-08-01 12:09:04.217645,
release,u,2024-08-01 12:09:04.312893,0.095248
press,r,2024-08-01 12:09:04.424390,
release,r,2024-08-01 12:09:04.550687,0.126297
press,i,2024-08-01 12:09:04.630688,
release,i,2024-08-01 12:09:04.725862,0.095174
press,t,2024-08-01 12:09:04.773850,
release,t,2024-08-01 12:09:04.899904,0.126054
press,y,2024-08-01 12:09:05.026119,
release,y,2024-08-01 12:09:05.182796,0.156677
press,.,2024-08-01 12:09:05.579969,
release,.,2024-08-01 12:09:05.659965,0.079996
press,Key.alt_l,2024-08-01 12:09:44.378420,
press,Key.tab,2024-08-01 12:09:44.457325,
release,Key.alt_l,2024-08-01 12:09:44.584322,0.205902
release,Key.tab,2024-08-01 12:09:44.758259,0.300934
press,Key.alt_l,2024-08-01 12:09:45.858963,
press,Key.tab,2024-08-01 12:09:45.937916,
release,Key.alt_l,2024-08-01 12:09:46.048964,0.190001
release,Key.tab,2024-08-01 12:09:46.192759,0.254843
press,Key.alt_l,2024-08-01 12:09:46.973541,
press,Key.tab,2024-08-01 12:09:47.053510,
release,Key.alt_l,2024-08-01 12:09:47.181978,0.208437
release,Key.tab,2024-08-01 12:09:47.293071,0.239561
press,Key.alt_l,2024-08-01 12:09:47.611207,
press,Key.tab,2024-08-01 12:09:47.675188,
release,Key.alt_l,2024-08-01 12:09:47.754148,0.142941
release,Key.tab,2024-08-01 12:09:47.878758,0.20357
press,Key.alt_l,2024-08-01 12:09:48.275904,
press,Key.tab,2024-08-01 12:09:48.370169,
release,Key.alt_l,2024-08-01 12:09:48.464680,0.188776
release,Key.tab,2024-08-01 12:09:48.544763,0.174594
press,Key.alt_l,2024-08-01 12:09:51.129362,
press,Key.tab,2024-08-01 12:09:51.223537,
release,Key.alt_l,2024-08-01 12:09:51.303603,0.174241
release,Key.tab,2024-08-01 12:09:51.382597,0.15906
press,Key.alt_l,2024-08-01 12:10:58.449468,
press,Key.tab,2024-08-01 12:10:58.529252,
release,Key.alt_l,2024-08-01 12:10:58.656444,0.206976
release,Key.tab,2024-08-01 12:10:58.749940,0.220688
press,Key.caps_lock,2024-08-01 12:11:01.329636,
release,Key.caps_lock,2024-08-01 12:11:01.520253,0.190617
press,n,2024-08-01 12:11:01.663591,
release,n,2024-08-01 12:11:01.788407,0.124816
press,Key.caps_lock,2024-08-01 12:11:01.882297,
release,Key.caps_lock,2024-08-01 12:11:01.962072,0.079775
press,o,2024-08-01 12:11:02.119472,
press,w,2024-08-01 12:11:02.246310,
press,Key.space,2024-08-01 12:11:02.342346,
release,o,2024-08-01 12:11:02.421346,0.301874
release,w,2024-08-01 12:11:02.501270,0.25496
release,Key.space,2024-08-01 12:11:02.517344,0.174998
press,i,2024-08-01 12:11:02.837126,
press,Key.space,2024-08-01 12:11:02.948471,
release,i,2024-08-01 12:11:03.027743,0.190617
release,Key.space,2024-08-01 12:11:03.091655,0.143184
press,w,2024-08-01 12:11:03.408058,
release,w,2024-08-01 12:11:03.566414,0.158356
press,a,2024-08-01 12:11:03.659413,
release,a,2024-08-01 12:11:03.833573,0.17416
press,n,2024-08-01 12:11:03.913380,
release,n,2024-08-01 12:11:04.008630,0.09525
press,t,2024-08-01 12:11:04.072077,
press,Key.space,2024-08-01 12:11:04.150296,
release,t,2024-08-01 12:11:04.214368,0.142291
release,Key.space,2024-08-01 12:11:04.277573,0.127277
press,t,2024-08-01 12:11:04.323569,
press,o,2024-08-01 12:11:04.402609,
release,t,2024-08-01 12:11:04.497528,0.173959
press,Key.space,2024-08-01 12:11:04.592662,
release,o,2024-08-01 12:11:04.655292,0.252683
release,Key.space,2024-08-01 12:11:04.718758,0.126096
press,t,2024-08-01 12:11:05.034474,
release,t,2024-08-01 12:11:05.158895,0.124421
press,r,2024-08-01 12:11:05.268284,
release,r,2024-08-01 12:11:05.331426,0.063142
press,a,2024-08-01 12:11:05.395064,
release,a,2024-08-01 12:11:05.505566,0.110502
press,i,2024-08-01 12:11:05.712510,
press,n,2024-08-01 12:11:05.839408,
release,i,2024-08-01 12:11:05.952301,0.239791
press,Key.space,2024-08-01 12:11:06.030217,
release,n,2024-08-01 12:11:06.092471,0.253063
press,a,2024-08-01 12:11:06.140418,
release,Key.space,2024-08-01 12:11:06.220338,0.190121
release,a,2024-08-01 12:11:06.315338,0.17492
press,n,2024-08-01 12:11:06.408056,
release,n,2024-08-01 12:11:06.454576,0.04652
press,Key.space,2024-08-01 12:11:06.724110,
release,Key.space,2024-08-01 12:11:06.915243,0.191133
press,m,2024-08-01 12:11:07.027210,
release,m,2024-08-01 12:11:07.122214,0.095004
press,o,2024-08-01 12:11:07.218220,
press,d,2024-08-01 12:11:07.297205,
release,o,2024-08-01 12:11:07.344337,0.126117
press,e,2024-08-01 12:11:07.408261,
release,d,2024-08-01 12:11:07.551346,0.254141
press,l,2024-08-01 12:11:07.598365,
release,e,2024-08-01 12:11:07.694336,0.286075
release,l,2024-08-01 12:11:07.773209,0.174844
press,Key.space,2024-08-01 12:11:07.837114,
release,Key.space,2024-08-01 12:11:07.917204,0.08009
press,u,2024-08-01 12:11:08.364240,
release,u,2024-08-01 12:11:08.412276,0.048036
press,s,2024-08-01 12:11:08.460283,
press,i,2024-08-01 12:11:08.555284,
release,s,2024-08-01 12:11:08.650289,0.190006
release,i,2024-08-01 12:11:08.727282,0.171998
press,n,2024-08-01 12:11:08.806260,
release,n,2024-08-01 12:11:09.012917,0.206657
press,g,2024-08-01 12:11:09.090904,
release,g,2024-08-01 12:11:09.231915,0.141011
press,Key.space,2024-08-01 12:11:09.247802,
release,Key.space,2024-08-01 12:11:09.357125,0.109323
press,t,2024-08-01 12:11:09.421030,
press,h,2024-08-01 12:11:09.500123,
release,t,2024-08-01 12:11:09.547128,0.126098
release,h,2024-08-01 12:11:09.595121,0.094998
press,e,2024-08-01 12:11:09.754253,
release,e,2024-08-01 12:11:09.898305,0.144052
press,Key.space,2024-08-01 12:11:09.945250,
release,Key.space,2024-08-01 12:11:10.025350,0.0801
press,d,2024-08-01 12:11:10.758718,
release,d,2024-08-01 12:11:10.886814,0.128096
press,a,2024-08-01 12:11:10.998655,
release,a,2024-08-01 12:11:11.126749,0.128094
press,t,2024-08-01 12:11:11.174625,
release,t,2024-08-01 12:11:11.221731,0.047106
press,a,2024-08-01 12:11:11.269754,
release,a,2024-08-01 12:11:11.333739,0.063985
press,Key.space,2024-08-01 12:11:11.397751,
release,Key.space,2024-08-01 12:11:11.461702,0.063951
press,f,2024-08-01 12:11:12.764827,
release,f,2024-08-01 12:11:12.922947,0.15812
press,i,2024-08-01 12:11:12.985944,
release,i,2024-08-01 12:11:13.081949,0.096005
press,l,2024-08-01 12:11:13.159561,
release,l,2024-08-01 12:11:13.237520,0.077959
press,l,2024-08-01 12:11:13.269546,
release,l,2024-08-01 12:11:13.380560,0.111014
press,e,2024-08-01 12:11:13.427559,
press,d,2024-08-01 12:11:13.523573,
release,e,2024-08-01 12:11:13.571551,0.143992
press,Key.space,2024-08-01 12:11:13.635548,
release,d,2024-08-01 12:11:13.699547,0.175974
press,i,2024-08-01 12:11:13.857930,
release,Key.space,2024-08-01 12:11:13.873823,0.238275
release,i,2024-08-01 12:11:13.953878,0.095948
press,n,2024-08-01 12:11:14.000922,
release,n,2024-08-01 12:11:14.159840,0.158918
press,Key.space,2024-08-01 12:11:14.220750,
release,Key.space,2024-08-01 12:11:14.268849,0.048099
press,c,2024-08-01 12:11:14.364832,
release,c,2024-08-01 12:11:14.444778,0.079946
press,s,2024-08-01 12:11:14.668735,
release,s,2024-08-01 12:11:14.812836,0.144101
press,v,2024-08-01 12:11:14.985844,
release,v,2024-08-01 12:11:15.110819,0.124975
press,Key.space,2024-08-01 12:11:15.158828,
release,Key.space,2024-08-01 12:11:15.254782,0.095954
press,f,2024-08-01 12:11:16.259088,
press,i,2024-08-01 12:11:16.339093,
release,i,2024-08-01 12:11:16.403223,0.06413
release,f,2024-08-01 12:11:16.465800,0.206712
press,l,2024-08-01 12:11:16.593694,
press,e,2024-08-01 12:11:16.673816,
release,e,2024-08-01 12:11:16.896227,0.222411
press,Key.space,2024-08-01 12:11:16.944313,
release,l,2024-08-01 12:11:17.055306,0.461612
release,Key.space,2024-08-01 12:11:17.103203,0.15889
press,Key.backspace,2024-08-01 12:11:18.093099,
release,Key.backspace,2024-08-01 12:11:18.189098,0.095999
press,.,2024-08-01 12:11:18.588580,
release,.,2024-08-01 12:11:18.748579,0.159999
press,Key.space,2024-08-01 12:11:20.681257,
release,Key.space,2024-08-01 12:11:20.761265,0.080008
press,Key.caps_lock,2024-08-01 12:11:20.950380,
release,Key.caps_lock,2024-08-01 12:11:21.078197,0.127817
press,w,2024-08-01 12:11:21.395755,
release,w,2024-08-01 12:11:21.473171,0.077416
press,Key.caps_lock,2024-08-01 12:11:21.520413,
release,Key.caps_lock,2024-08-01 12:11:21.679727,0.159314
press,h,2024-08-01 12:11:21.931663,
release,h,2024-08-01 12:11:21.978758,0.047095
press,i,2024-08-01 12:11:22.329443,
release,i,2024-08-01 12:11:22.456670,0.127227
press,c,2024-08-01 12:11:22.519958,
release,c,2024-08-01 12:11:22.550974,0.031016
press,h,2024-08-01 12:11:22.599001,
press,Key.space,2024-08-01 12:11:22.756118,
release,h,2024-08-01 12:11:22.836116,0.237115
release,Key.space,2024-08-01 12:11:22.914403,0.158285
press,m,2024-08-01 12:11:23.248553,
release,m,2024-08-01 12:11:23.341849,0.093296
press,o,2024-08-01 12:11:23.515584,
release,o,2024-08-01 12:11:23.563557,0.047973
press,d,2024-08-01 12:11:23.627082,
press,e,2024-08-01 12:11:23.800722,
release,d,2024-08-01 12:11:23.880636,0.253554
press,l,2024-08-01 12:11:23.912519,
release,e,2024-08-01 12:11:24.006715,0.205993
release,l,2024-08-01 12:11:24.069860,0.157341
press,Key.space,2024-08-01 12:11:24.133215,
release,Key.space,2024-08-01 12:11:24.212498,0.079283
press,s,2024-08-01 12:11:24.481503,
release,s,2024-08-01 12:11:24.608141,0.126638
press,h,2024-08-01 12:11:24.655380,
release,h,2024-08-01 12:11:24.735366,0.079986
press,o,2024-08-01 12:11:24.895300,
release,o,2024-08-01 12:11:24.942510,0.04721
press,u,2024-08-01 12:11:25.146268,
release,u,2024-08-01 12:11:25.225270,0.079002
press,l,2024-08-01 12:11:25.463731,
press,d,2024-08-01 12:11:25.543768,
press,Key.space,2024-08-01 12:11:25.605861,
release,d,2024-08-01 12:11:25.669070,0.125302
release,l,2024-08-01 12:11:25.749076,0.285345
press,i,2024-08-01 12:11:25.813070,
release,Key.space,2024-08-01 12:11:25.844269,0.238408
press,Key.space,2024-08-01 12:11:25.971826,
release,i,2024-08-01 12:11:26.034935,0.221865
release,Key.space,2024-08-01 12:11:26.145044,0.173218
press,s,2024-08-01 12:11:26.192287,
press,u,2024-08-01 12:11:26.287378,
release,u,2024-08-01 12:11:26.351507,0.064129
release,s,2024-08-01 12:11:26.414882,0.222595
press,e,2024-08-01 12:11:26.651699,
release,e,2024-08-01 12:11:26.807526,0.155827
press,Key.shift_r,2024-08-01 12:11:27.281732,
release,Key.shift_r,2024-08-01 12:11:27.313685,0.031953
press,Key.backspace,2024-08-01 12:11:27.566842,
release,Key.backspace,2024-08-01 12:11:27.646951,0.080109
press,Key.backspace,2024-08-01 12:11:27.756769,
release,Key.backspace,2024-08-01 12:11:27.787348,0.030579
press,Key.backspace,2024-08-01 12:11:27.882614,
release,Key.backspace,2024-08-01 12:11:27.962376,0.079762
press,u,2024-08-01 12:11:28.692245,
release,u,2024-08-01 12:11:28.803240,0.110995
press,s,2024-08-01 12:11:28.865757,
release,s,2024-08-01 12:11:28.961878,0.096121
press,e,2024-08-01 12:11:29.121944,
press,Key.shift_r,2024-08-01 12:11:29.200668,
release,E,2024-08-01 12:11:29.374624,
press,?,2024-08-01 12:11:29.421588,
release,Key.shift_r,2024-08-01 12:11:29.485582,0.284914
release,/,2024-08-01 12:11:29.610942,
press,Key.enter,2024-08-01 12:11:29.689940,
release,Key.enter,2024-08-01 12:11:29.737649,0.047709
press,Key.caps_lock,2024-08-01 12:20:30.629808,
release,Key.caps_lock,2024-08-01 12:20:30.787299,0.157491
press,i,2024-08-01 12:20:30.850305,
release,i,2024-08-01 12:20:30.959567,0.109262
press,Key.caps_lock,2024-08-01 12:20:30.990574,
press,Key.space,2024-08-01 12:20:31.037580,
release,Key.caps_lock,2024-08-01 12:20:31.115451,0.124877
release,Key.space,2024-08-01 12:20:31.178135,0.140555
press,t,2024-08-01 12:20:31.462177,
release,t,2024-08-01 12:20:31.510212,0.048035
press,h,2024-08-01 12:20:31.636767,
press,e,2024-08-01 12:20:31.763484,
press,Key.space,2024-08-01 12:20:31.826488,
release,h,2024-08-01 12:20:31.904384,0.267617
release,e,2024-08-01 12:20:31.950522,0.187038
release,Key.space,2024-08-01 12:20:31.982022,0.155534
press,m,2024-08-01 12:20:32.123664,
release,m,2024-08-01 12:20:32.217452,0.093788
press,o,2024-08-01 12:20:32.376823,
release,o,2024-08-01 12:20:32.471495,0.094672
press,d,2024-08-01 12:20:32.566251,
press,e,2024-08-01 12:20:32.598247,
release,d,2024-08-01 12:20:32.677106,0.110855
release,e,2024-08-01 12:20:32.786781,0.188534
press,l,2024-08-01 12:20:32.897468,
press,Key.space,2024-08-01 12:20:33.088847,
release,l,2024-08-01 12:20:33.167858,0.27039
release,Key.space,2024-08-01 12:20:33.230938,0.142091
press,t,2024-08-01 12:20:33.340912,
press,o,2024-08-01 12:20:33.466865,
release,t,2024-08-01 12:20:33.497862,0.15695
press,Key.space,2024-08-01 12:20:33.577864,
release,o,2024-08-01 12:20:33.657009,0.190144
release,Key.space,2024-08-01 12:20:33.737011,0.159147
press,p,2024-08-01 12:20:33.926186,
release,p,2024-08-01 12:20:34.054209,0.128023
press,r,2024-08-01 12:20:34.102262,
release,r,2024-08-01 12:20:34.166263,0.064001
press,e,2024-08-01 12:20:34.278183,
release,e,2024-08-01 12:20:34.372263,0.09408
press,d,2024-08-01 12:20:34.498412,
release,d,2024-08-01 12:20:34.641505,0.143093
press,i,2024-08-01 12:20:34.880506,
release,i,2024-08-01 12:20:34.992432,0.111926
press,c,2024-08-01 12:20:35.054789,
release,c,2024-08-01 12:20:35.134029,0.07924
press,t,2024-08-01 12:20:35.229944,
press,Key.space,2024-08-01 12:20:35.356910,
release,t,2024-08-01 12:20:35.388965,0.159021
release,Key.space,2024-08-01 12:20:35.484912,0.128002
press,i,2024-08-01 12:20:35.963742,
press,f,2024-08-01 12:20:36.011692,
press,Key.space,2024-08-01 12:20:36.107359,
release,f,2024-08-01 12:20:36.171360,0.159668
release,i,2024-08-01 12:20:36.251313,0.287571
release,Key.space,2024-08-01 12:20:36.283306,0.175947
press,t,2024-08-01 12:20:36.394129,
release,t,2024-08-01 12:20:36.586116,0.191987
press,Key.backspace,2024-08-01 12:20:38.884561,
release,Key.backspace,2024-08-01 12:20:38.931465,0.046904
press,t,2024-08-01 12:20:40.496949,
release,t,2024-08-01 12:20:40.673046,0.176097
press,h,2024-08-01 12:20:40.752694,
release,h,2024-08-01 12:20:40.815684,0.06299
press,Key.backspace,2024-08-01 12:20:42.253777,
release,Key.backspace,2024-08-01 12:20:42.301781,0.048004
press,Key.backspace,2024-08-01 12:20:42.397032,
release,Key.backspace,2024-08-01 12:20:42.492608,0.095576
press,w,2024-08-01 12:20:53.919849,
release,w,2024-08-01 12:20:54.046850,0.127001
press,a,2024-08-01 12:20:54.158850,
press,n,2024-08-01 12:20:54.206851,
release,a,2024-08-01 12:20:54.333271,0.174421
release,n,2024-08-01 12:20:54.429225,0.222374
press,t,2024-08-01 12:20:54.509168,
press,Key.space,2024-08-01 12:20:54.669252,
release,t,2024-08-01 12:20:54.747428,0.23826
release,Key.space,2024-08-01 12:20:54.827419,0.158167
press,t,2024-08-01 12:21:00.318995,
release,t,2024-08-01 12:21:00.414942,0.095947
press,h,2024-08-01 12:21:00.510935,
press,e,2024-08-01 12:21:00.622743,
press,Key.space,2024-08-01 12:21:00.716960,
release,h,2024-08-01 12:21:00.796950,0.286015
release,e,2024-08-01 12:21:00.844911,0.222168
release,Key.space,2024-08-01 12:21:00.924513,0.207553
press,t,2024-08-01 12:21:01.004463,
release,t,2024-08-01 12:21:01.036407,0.031944
press,y,2024-08-01 12:21:01.164397,
release,y,2024-08-01 12:21:01.259483,0.095086
press,p,2024-08-01 12:21:01.611438,
release,p,2024-08-01 12:21:01.675491,0.064053
press,i,2024-08-01 12:21:01.931409,
release,i,2024-08-01 12:21:01.979125,0.047716
press,s,2024-08-01 12:21:02.088594,
release,s,2024-08-01 12:21:02.184625,0.096031
press,t,2024-08-01 12:21:02.264651,
press,Key.space,2024-08-01 12:21:02.376623,
release,t,2024-08-01 12:21:02.456104,0.191453
release,Key.space,2024-08-01 12:21:02.535616,0.158993
press,t,2024-08-01 12:21:02.645703,
release,t,2024-08-01 12:21:02.693605,0.047902
press,Key.backspace,2024-08-01 12:21:03.396306,
release,Key.backspace,2024-08-01 12:21:03.476266,0.07996
press,i,2024-08-01 12:21:03.763369,
press,s,2024-08-01 12:21:03.811369,
press,Key.space,2024-08-01 12:21:03.923380,
release,s,2024-08-01 12:21:04.000652,0.189283
release,i,2024-08-01 12:21:04.016724,0.253355
release,Key.space,2024-08-01 12:21:04.111686,0.188306
press,t,2024-08-01 12:21:04.174627,
release,t,2024-08-01 12:21:04.238647,0.06402
press,h,2024-08-01 12:21:04.382718,
press,e,2024-08-01 12:21:04.494193,
press,Key.space,2024-08-01 12:21:04.558132,
release,h,2024-08-01 12:21:04.637215,0.254497
release,e,2024-08-01 12:21:04.730791,0.236598
release,Key.space,2024-08-01 12:21:04.778874,0.220742
press,o,2024-08-01 12:21:04.998958,
release,o,2024-08-01 12:21:05.077966,0.079008
press,w,2024-08-01 12:21:05.140911,
release,w,2024-08-01 12:21:05.252960,0.112049
press,n,2024-08-01 12:21:05.347002,
release,n,2024-08-01 12:21:05.443005,0.096003
press,e,2024-08-01 12:21:05.522417,
release,e,2024-08-01 12:21:05.599417,0.077
press,r,2024-08-01 12:21:05.679410,
release,r,2024-08-01 12:21:05.851824,0.172414
press,Key.shift_r,2024-08-01 12:21:06.198887,
press,?,2024-08-01 12:21:06.832554,
release,Key.shift_r,2024-08-01 12:21:06.974192,0.775305
release,/,2024-08-01 12:21:07.022204,
press,Key.space,2024-08-01 12:21:07.180321,
release,Key.space,2024-08-01 12:21:07.258229,0.077908
press,Key.caps_lock,2024-08-01 12:21:07.385237,
release,Key.caps_lock,2024-08-01 12:21:07.575992,0.190755
press,o,2024-08-01 12:21:07.670259,
release,o,2024-08-01 12:21:07.748652,0.078393
press,Key.caps_lock,2024-08-01 12:21:07.780649,
release,Key.caps_lock,2024-08-01 12:21:07.890605,0.109956
press,r,2024-08-01 12:21:08.112023,
press,Key.space,2024-08-01 12:21:08.255360,
release,r,2024-08-01 12:21:08.302466,0.190443
release,Key.space,2024-08-01 12:21:08.413655,0.158295
press,Key.backspace,2024-08-01 12:21:14.124930,
release,Key.backspace,2024-08-01 12:21:14.251345,0.126415
press,Key.backspace,2024-08-01 12:21:14.297921,
release,Key.backspace,2024-08-01 12:21:14.360364,0.062443
press,Key.backspace,2024-08-01 12:21:14.423145,
release,Key.backspace,2024-08-01 12:21:14.501756,0.078611
press,Key.backspace,2024-08-01 12:21:14.549756,
release,Key.backspace,2024-08-01 12:21:14.629466,0.07971
press,Key.backspace,2024-08-01 12:21:14.693386,
release,Key.backspace,2024-08-01 12:21:14.740009,0.046623
press,Key.space,2024-08-01 12:21:15.295757,
release,Key.space,2024-08-01 12:21:15.389950,0.094193
press,o,2024-08-01 12:21:15.657560,
press,r,2024-08-01 12:21:15.768116,
press,Key.space,2024-08-01 12:21:15.862371,
release,o,2024-08-01 12:21:15.926417,0.268857
release,r,2024-08-01 12:21:16.036040,0.267924
release,Key.space,2024-08-01 12:21:16.099159,0.236788
press,n,2024-08-01 12:21:16.160583,
release,n,2024-08-01 12:21:16.223970,0.063387
press,o,2024-08-01 12:21:16.525824,
release,o,2024-08-01 12:21:16.604987,0.079163
press,t,2024-08-01 12:21:16.653106,
release,t,2024-08-01 12:21:16.715878,0.062772
press,Key.space,2024-08-01 12:21:54.916315,
release,Key.space,2024-08-01 12:21:54.978642,0.062327
press,Key.backspace,2024-08-01 12:21:56.497124,
release,Key.backspace,2024-08-01 12:21:56.575987,0.078863
press,.,2024-08-01 12:21:57.689307,
release,.,2024-08-01 12:21:57.797464,0.108157
press,Key.space,2024-08-01 12:21:57.938943,
release,Key.space,2024-08-01 12:21:58.078160,0.139217
press,Key.caps_lock,2024-08-01 12:21:58.828780,
release,Key.caps_lock,2024-08-01 12:21:58.984306,0.155526
press,Key.caps_lock,2024-08-01 12:21:59.868518,
release,Key.caps_lock,2024-08-01 12:22:00.038536,0.170018
press,Key.caps_lock,2024-08-01 12:22:00.302665,
release,Key.caps_lock,2024-08-01 12:22:00.457544,0.154879
press,o,2024-08-01 12:22:00.566489,
release,o,2024-08-01 12:22:00.661209,0.09472
press,Key.caps_lock,2024-08-01 12:22:00.723642,
release,Key.caps_lock,2024-08-01 12:22:00.800786,0.077144
press,r,2024-08-01 12:22:00.986841,
press,Key.space,2024-08-01 12:22:01.097268,
release,r,2024-08-01 12:22:01.190480,0.203639
release,Key.space,2024-08-01 12:22:01.221491,0.124223
press,t,2024-08-01 12:22:02.016450,
release,t,2024-08-01 12:22:02.078115,0.061665
press,e,2024-08-01 12:22:02.171454,
release,e,2024-08-01 12:22:02.249197,0.077743
press,l,2024-08-01 12:22:02.436728,
release,l,2024-08-01 12:22:02.530519,0.093791
press,l,2024-08-01 12:22:02.624859,
release,l,2024-08-01 12:22:02.717907,0.093048
press,Key.space,2024-08-01 12:22:02.811176,
release,Key.space,2024-08-01 12:22:02.951500,0.140324
press,h,2024-08-01 12:22:05.279898,
release,h,2024-08-01 12:22:05.358684,0.078786
press,w,2024-08-01 12:22:05.422724,
release,w,2024-08-01 12:22:05.565947,0.143223
press,o,2024-08-01 12:22:06.212914,
release,o,2024-08-01 12:22:06.418389,0.205475
press,Key.backspace,2024-08-01 12:22:07.048846,
release,Key.backspace,2024-08-01 12:22:07.112740,0.063894
press,Key.backspace,2024-08-01 12:22:07.192375,
release,Key.backspace,2024-08-01 12:22:07.255205,0.06283
press,o,2024-08-01 12:22:07.777366,
press,w,2024-08-01 12:22:07.840941,
release,w,2024-08-01 12:22:08.031604,0.190663
press,Key.space,2024-08-01 12:22:08.063230,
release,o,2024-08-01 12:22:08.109233,0.331867
release,Key.space,2024-08-01 12:22:08.172896,0.109666
press,c,2024-08-01 12:22:08.362433,
release,c,2024-08-01 12:22:08.521708,0.159275
press,l,2024-08-01 12:22:08.569358,
release,l,2024-08-01 12:22:08.632408,0.06305
press,o,2024-08-01 12:22:08.696191,
release,o,2024-08-01 12:22:08.775892,0.079701
press,s,2024-08-01 12:22:08.823029,
release,s,2024-08-01 12:22:08.886540,0.063511
press,e,2024-08-01 12:22:09.042369,
press,Key.space,2024-08-01 12:22:09.231379,
release,e,2024-08-01 12:22:09.278908,0.236539
release,Key.space,2024-08-01 12:22:09.373765,0.142386
press,t,2024-08-01 12:22:09.657815,
release,t,2024-08-01 12:22:09.735954,0.078139
press,h,2024-08-01 12:22:09.861037,
press,e,2024-08-01 12:22:09.971742,
press,Key.space,2024-08-01 12:22:10.002739,
release,h,2024-08-01 12:22:10.098481,0.237444
release,e,2024-08-01 12:22:10.145149,0.173407
release,Key.space,2024-08-01 12:22:10.160213,0.157474
press,t,2024-08-01 12:22:10.350596,
release,t,2024-08-01 12:22:10.414507,0.063911
press,y,2024-08-01 12:22:10.555862,
release,y,2024-08-01 12:22:10.603858,0.047996
press,p,2024-08-01 12:22:11.048070,
release,p,2024-08-01 12:22:11.112086,0.064016
press,i,2024-08-01 12:22:11.284689,
release,i,2024-08-01 12:22:11.378402,0.093713
press,n,2024-08-01 12:22:11.568787,
press,g,2024-08-01 12:22:11.664407,
release,n,2024-08-01 12:22:11.728546,0.159759
press,Key.space,2024-08-01 12:22:11.744343,
release,g,2024-08-01 12:22:11.792266,0.127859
release,Key.space,2024-08-01 12:22:11.808257,0.063914
press,s,2024-08-01 12:22:12.110551,
press,t,2024-08-01 12:22:12.190120,
release,t,2024-08-01 12:22:12.253886,0.063766
release,s,2024-08-01 12:22:12.317866,0.207315
press,y,2024-08-01 12:22:12.523124,
release,y,2024-08-01 12:22:12.584972,0.061848
press,l,2024-08-01 12:22:12.980349,
press,e,2024-08-01 12:22:13.168839,
press,Key.space,2024-08-01 12:22:13.246553,
release,l,2024-08-01 12:22:13.310634,0.330285
release,Key.space,2024-08-01 12:22:13.342597,0.096044
release,e,2024-08-01 12:22:13.374189,0.20535
press,i,2024-08-01 12:22:13.405248,
release,i,2024-08-01 12:22:13.548674,0.143426
press,s,2024-08-01 12:22:13.596670,
press,Key.space,2024-08-01 12:22:13.691330,
release,s,2024-08-01 12:22:13.784967,0.188297
release,Key.space,2024-08-01 12:22:13.847580,0.15625
press,t,2024-08-01 12:22:14.273144,
release,t,2024-08-01 12:22:14.320400,0.047256
press,o,2024-08-01 12:22:15.319259,
release,o,2024-08-01 12:22:15.443972,0.124713
press,Key.space,2024-08-01 12:22:16.172731,
release,Key.space,2024-08-01 12:22:16.282384,0.109653
press,o,2024-08-01 12:22:17.922596,
release,o,2024-08-01 12:22:17.986676,0.06408
press,w,2024-08-01 12:22:18.606811,
release,w,2024-08-01 12:22:18.718805,0.111994
press,n,2024-08-01 12:22:18.894906,
release,n,2024-08-01 12:22:18.942891,0.047985
press,e,2024-08-01 12:22:19.006776,
release,e,2024-08-01 12:22:19.070758,0.063982
press,r,2024-08-01 12:22:19.198886,
release,r,2024-08-01 12:22:19.324797,0.125911
press,Key.shift_r,2024-08-01 12:22:19.451313,
press,?,2024-08-01 12:22:19.738232,
release,Key.shift_r,2024-08-01 12:22:19.753890,0.302577
release,/,2024-08-01 12:22:19.817945,
press,Key.space,2024-08-01 12:22:20.009883,
release,Key.space,2024-08-01 12:22:20.072902,0.063019
press,Key.caps_lock,2024-08-01 12:22:20.136917,
release,Key.caps_lock,2024-08-01 12:22:20.342893,0.205976
press,o,2024-08-01 12:22:20.406886,
release,o,2024-08-01 12:22:20.470940,0.064054
press,Key.caps_lock,2024-08-01 12:22:20.518967,
release,Key.caps_lock,2024-08-01 12:22:20.598893,0.079926
press,w,2024-08-01 12:22:21.029216,
release,w,2024-08-01 12:22:21.204735,0.175519
press,n,2024-08-01 12:22:21.315731,
release,n,2024-08-01 12:22:21.395742,0.080011
press,e,2024-08-01 12:22:21.459824,
release,e,2024-08-01 12:22:21.507816,0.047992
press,r,2024-08-01 12:22:21.555745,
release,r,2024-08-01 12:22:21.715820,0.160075
press,Key.space,2024-08-01 12:22:21.747725,
release,Key.space,2024-08-01 12:22:21.827734,0.080009
press,i,2024-08-01 12:22:21.891790,
release,i,2024-08-01 12:22:22.003267,0.111477
press,s,2024-08-01 12:22:22.370286,
press,Key.space,2024-08-01 12:22:22.481222,
release,s,2024-08-01 12:22:22.545310,0.175024
release,Key.space,2024-08-01 12:22:22.625236,0.144014
press,t,2024-08-01 12:22:22.817237,
release,t,2024-08-01 12:22:22.897234,0.079997
press,h,2024-08-01 12:22:22.945273,
press,e,2024-08-01 12:22:23.041280,
press,Key.space,2024-08-01 12:22:23.137236,
release,e,2024-08-01 12:22:23.201227,0.159947
release,h,2024-08-01 12:22:23.265233,0.31996
release,Key.space,2024-08-01 12:22:23.313232,0.175996
press,t,2024-08-01 12:22:24.096226,
release,t,2024-08-01 12:22:24.160142,0.063916
press,r,2024-08-01 12:22:24.288221,
release,r,2024-08-01 12:22:24.367596,0.079375
press,a,2024-08-01 12:22:24.447593,
release,a,2024-08-01 12:22:24.543589,0.095996
press,i,2024-08-01 12:22:24.719678,
press,n,2024-08-01 12:22:24.831651,
release,i,2024-08-01 12:22:24.943742,0.224064
press,i,2024-08-01 12:22:25.006666,
release,n,2024-08-01 12:22:25.102708,0.271057
press,n,2024-08-01 12:22:25.150421,
release,i,2024-08-01 12:22:25.261905,0.255239
press,g,2024-08-01 12:22:25.292951,
release,n,2024-08-01 12:22:25.371894,0.221473
release,g,2024-08-01 12:22:25.434906,0.141955
press,Key.space,2024-08-01 12:22:25.466898,
release,Key.space,2024-08-01 12:22:25.562893,0.095995
press,d,2024-08-01 12:22:25.962898,
release,d,2024-08-01 12:22:26.074910,0.112012
press,a,2024-08-01 12:22:26.106897,
release,a,2024-08-01 12:22:26.218165,0.111268
press,t,2024-08-01 12:22:26.282157,
press,a,2024-08-01 12:22:26.346157,
press,Key.space,2024-08-01 12:22:26.378219,
release,t,2024-08-01 12:22:26.442218,0.160061
release,a,2024-08-01 12:22:26.490162,0.144005
release,Key.space,2024-08-01 12:22:26.553159,0.17494
press,Key.backspace,2024-08-01 12:22:27.303399,
release,Key.backspace,2024-08-01 12:22:27.383415,0.080016
press,s,2024-08-01 12:22:27.415495,
release,s,2024-08-01 12:22:27.511410,0.095915
press,e,2024-08-01 12:22:27.638743,
release,e,2024-08-01 12:22:27.783745,0.145002
press,t,2024-08-01 12:22:27.957622,
release,t,2024-08-01 12:22:28.085618,0.127996
press,Key.enter,2024-08-01 12:22:28.163661,
release,Key.enter,2024-08-01 12:22:28.258570,0.094909
press,Key.cmd,2024-08-01 12:23:31.457988,
press,d,2024-08-01 12:23:31.616352,
release,Key.cmd,2024-08-01 12:23:31.743044,0.285056
release,d,2024-08-01 12:23:31.775041,0.158689
press,Key.enter,2024-08-01 12:59:16.560886,
release,Key.enter,2024-08-01 12:59:16.623404,0.062518
press,Key.alt_l,2024-08-01 13:01:23.690876,
press,Key.tab,2024-08-01 13:01:23.722170,
release,Key.alt_l,2024-08-01 13:01:23.910523,0.219647
release,Key.tab,2024-08-01 13:01:24.049907,0.327737
press,Key.alt_l,2024-08-01 13:01:26.438264,
press,Key.tab,2024-08-01 13:01:26.516127,
release,Key.alt_l,2024-08-01 13:01:26.659446,0.221182
release,Key.tab,2024-08-01 13:01:26.861668,0.345541
press,Key.alt_l,2024-08-01 13:01:27.778200,
press,Key.tab,2024-08-01 13:01:27.872961,
release,Key.tab,2024-08-01 13:01:28.378194,0.505233
press,Key.alt_l,2024-08-01 13:01:28.600177,
press,Key.tab,2024-08-01 13:01:28.695749,
release,Key.alt_l,2024-08-01 13:01:28.982482,0.382305
release,Key.tab,2024-08-01 13:01:29.076000,0.380251
press,Key.shift_r,2024-08-01 13:02:21.370536,
press,"""",2024-08-01 13:02:21.624637,
release,"""",2024-08-01 13:02:21.750199,0.125562
release,Key.shift_r,2024-08-01 13:02:21.765636,0.3951
press,Key.backspace,2024-08-01 13:02:23.607377,
release,Key.backspace,2024-08-01 13:02:23.671266,0.063889
press,Key.right,2024-08-01 13:02:24.807883,
release,Key.right,2024-08-01 13:02:24.871408,0.063525
press,Key.backspace,2024-08-01 13:02:25.141692,
release,Key.backspace,2024-08-01 13:02:25.205693,0.064001
press,Key.caps_lock,2024-08-01 13:02:28.382686,
release,Key.caps_lock,2024-08-01 13:02:28.494764,0.112078
press,Key.caps_lock,2024-08-01 13:02:29.799673,
release,Key.caps_lock,2024-08-01 13:02:29.941593,0.14192
press,k,2024-08-01 13:02:30.878418,
release,k,2024-08-01 13:02:30.973695,0.095277
press,e,2024-08-01 13:02:31.115055,
release,e,2024-08-01 13:02:31.256504,0.141449
press,y,2024-08-01 13:02:31.335985,
release,y,2024-08-01 13:02:31.447132,0.111147
press,s,2024-08-01 13:02:32.561314,
press,t,2024-08-01 13:02:32.687500,
release,s,2024-08-01 13:02:32.718661,0.157347
release,t,2024-08-01 13:02:32.797021,0.109521
press,r,2024-08-01 13:02:32.955683,
release,r,2024-08-01 13:02:33.065539,0.109856
press,o,2024-08-01 13:02:33.409351,
press,k,2024-08-01 13:02:33.508068,
release,o,2024-08-01 13:02:33.618942,0.209591
press,e,2024-08-01 13:02:33.761508,
release,k,2024-08-01 13:02:33.824946,0.316878
release,e,2024-08-01 13:02:33.871446,0.109938
press,s,2024-08-01 13:02:33.933905,
release,s,2024-08-01 13:02:34.043971,0.110066
press,.,2024-08-01 13:02:36.395307,
release,.,2024-08-01 13:02:36.522398,0.127091
press,c,2024-08-01 13:02:36.664353,
release,c,2024-08-01 13:02:36.853250,0.188897
press,s,2024-08-01 13:02:36.933391,
release,s,2024-08-01 13:02:37.059896,0.126505
press,v,2024-08-01 13:02:37.217796,
release,v,2024-08-01 13:02:37.358171,0.140375
press,Key.enter,2024-08-01 13:02:37.545734,
release,Key.enter,2024-08-01 13:02:37.576427,0.030693
